-- SEEDS FOR DEPARTMENT TABLE --
INSERT INTO departments (id, department_name) values (1, 'Operations');
INSERT INTO departments (id, department_name) values (2, 'Customer Experience');
INSERT INTO departments (id, department_name) values (3, 'Development');
INSERT INTO departments (id, department_name) values (4, 'Finance');
INSERT INTO departments (id, department_name) values (5, 'Human Resources');
INSERT INTO departments (id, department_name) values (6, 'IT');
INSERT INTO departments (id, department_name) values (7, 'Marketing');
INSERT INTO departments (id, department_name) values (8, 'Sales');

-- SEEDS FOR ROLES TABLE --
INSERT INTO roles (id, title, salary, department_id) values (1, 'Director of Business Operations', 105000,1);
INSERT INTO roles (id, title, salary, department_id) values (2, 'Operations Manager', 87000,1);
INSERT INTO roles (id, title, salary, department_id) values (3, 'Operations Specialist', 65000,1);
INSERT INTO roles (id, title, salary, department_id) values (5, 'Director of Customer Experience', 105000,2);
INSERT INTO roles (id, title, salary, department_id) values (6, 'Senior Customer Experience Manager', 95000,2);
INSERT INTO roles (id, title, salary, department_id) values (7, 'Customer Experience Manager', 78000,2);
INSERT INTO roles (id, title, salary, department_id) values (8, 'Customer Experience Analyst', 65000,2);
INSERT INTO roles (id, title, salary, department_id) values (9, 'Director of Development', 110000,3);
INSERT INTO roles (id, title, salary, department_id) values (10, 'Senior Cloud Infrastructure Developer', 97000,3);
INSERT INTO roles (id, title, salary, department_id) values (11, 'Principal Software Developer', 96500,3);
INSERT INTO roles (id, title, salary, department_id) values (12, 'Software Developer', 75000,3);
INSERT INTO roles (id, title, salary, department_id) values (13, 'Director of Finance', 105000,4);
INSERT INTO roles (id, title, salary, department_id) values (14, 'Controller', 78000,4);
INSERT INTO roles (id, title, salary, department_id) values (15, 'Financial Analyst', 65000,4);
INSERT INTO roles (id, title, salary, department_id) values (16, 'Director of Human Resources', 105000,5);
INSERT INTO roles (id, title, salary, department_id) values (17, 'Talent Acquisition Manager', 87000,5);
INSERT INTO roles (id, title, salary, department_id) values (18, 'Human Resources Business Partner', 76500,5);
INSERT INTO roles (id, title, salary, department_id) values (19, 'Human Resources Co-ordinator', 67000,5);
INSERT INTO roles (id, title, salary, department_id) values (20, 'Director of IT', 105000,6);
INSERT INTO roles (id, title, salary, department_id) values (21, 'IT Business Analyst', 78000,6);
INSERT INTO roles (id, title, salary, department_id) values (22, 'IT Support Technician', 65000,6);
INSERT INTO roles (id, title, salary, department_id) values (23, 'Director of Marketing', 104000,7);
INSERT INTO roles (id, title, salary, department_id) values (24, 'Customer Marketing Manager', 97000,7);
INSERT INTO roles (id, title, salary, department_id) values (25, 'Demand Generation Marketing Manager', 98500,7);
INSERT INTO roles (id, title, salary, department_id) values (26, 'Event Marketing Manager', 95000,7);
INSERT INTO roles (id, title, salary, department_id) values (27, 'Digital Marketing Manager', 97500,7);
INSERT INTO roles (id, title, salary, department_id) values (28, 'Marketing Co-ordinator', 65000,7);
INSERT INTO roles (id, title, salary, department_id) values (29, 'Director of Sales', 105000,8);
INSERT INTO roles (id, title, salary, department_id) values (30, 'Inside Sales Manager', 78000,8);
INSERT INTO roles (id, title, salary, department_id) values (31, 'Business Development Representative', 65000,8);

-- SEEDS FOR EMPLOYEE TABLE --
INSERT INTO employee (id, first_name, last_name, role_id, manager_id) values (1, 'Jennifer', 'Lawerie',1,NULL);
INSERT INTO employee (id, first_name, last_name, role_id, manager_id) values (2, 'Michelle', 'Donaldson',2,1);
INSERT INTO employee (id, first_name, last_name, role_id, manager_id) values (3, 'Sam', 'Sampson',2,1);
INSERT INTO employee (id, first_name, last_name, role_id, manager_id) values (4, 'Ryan', 'McCleud',3,1);
INSERT INTO employee (id, first_name, last_name, role_id, manager_id) values (5, 'Jackson', 'Andrews',5,NULL);
INSERT INTO employee (id, first_name, last_name, role_id, manager_id) values (6, 'Maliyah', 'Jessip',6,5);
INSERT INTO employee (id, first_name, last_name, role_id, manager_id) values (7, 'Hayley', 'Vuylsteke',6,5);
INSERT INTO employee (id, first_name, last_name, role_id, manager_id) values (8, 'Olivia', 'Barclay',7,6);
INSERT INTO employee (id, first_name, last_name, role_id, manager_id) values (9, 'Chad', 'Jones',7,6);
INSERT INTO employee (id, first_name, last_name, role_id, manager_id) values (10, 'Brynn', 'Elaine',7,7);
INSERT INTO employee (id, first_name, last_name, role_id, manager_id) values (11, 'Charlie', 'Jameson',7,7);
INSERT INTO employee (id, first_name, last_name, role_id, manager_id) values (12, 'Pierson', 'Williamson',8,8);
INSERT INTO employee (id, first_name, last_name, role_id, manager_id) values (13, 'Rosie', 'Cookiesteen',8,9);
INSERT INTO employee (id, first_name, last_name, role_id, manager_id) values (14, 'Kyle', 'Hollister',8,10);
INSERT INTO employee (id, first_name, last_name, role_id, manager_id) values (15, 'Janelle', 'Evans',8,11);
INSERT INTO employee (id, first_name, last_name, role_id, manager_id) values (16, 'Caily', 'Keto',8,11);
INSERT INTO employee (id, first_name, last_name, role_id, manager_id) values (17, 'Dawn', 'Elliot',8,10);
INSERT INTO employee (id, first_name, last_name, role_id, manager_id) values (18, 'Natalie', 'Nelson',9,NULL);
INSERT INTO employee (id, first_name, last_name, role_id, manager_id) values (19, 'Kane', 'Brown',10,18);
INSERT INTO employee (id, first_name, last_name, role_id, manager_id) values (20, 'Luke', 'Ryans',11,18);
INSERT INTO employee (id, first_name, last_name, role_id, manager_id) values (21, 'Rachel', 'Bilson',12,20);
INSERT INTO employee (id, first_name, last_name, role_id, manager_id) values (22, 'Jenna', 'Thompson',12,20);
INSERT INTO employee (id, first_name, last_name, role_id, manager_id) values (23, 'Kinsley', 'Holt',12,20);
INSERT INTO employee (id, first_name, last_name, role_id, manager_id) values (24, 'Amanda', 'Hollinshead',12,20);
INSERT INTO employee (id, first_name, last_name, role_id, manager_id) values (25, 'Brock', 'Sampson',12,20);
INSERT INTO employee (id, first_name, last_name, role_id, manager_id) values (26, 'Hudson', 'Hollister',13,NULL);
INSERT INTO employee (id, first_name, last_name, role_id, manager_id) values (27, 'Mark', 'Flarrety',14,26);
INSERT INTO employee (id, first_name, last_name, role_id, manager_id) values (28, 'Christine', 'Suttle',15,26);
INSERT INTO employee (id, first_name, last_name, role_id, manager_id) values (29, 'Carol', 'Clovermead',16,NULL);
INSERT INTO employee (id, first_name, last_name, role_id, manager_id) values (30, 'Jaslyn', 'McGruff',17,29);
INSERT INTO employee (id, first_name, last_name, role_id, manager_id) values (31, 'Brian', 'Willaims',17,29);
INSERT INTO employee (id, first_name, last_name, role_id, manager_id) values (32, 'Matt', 'Murray',18,29);
INSERT INTO employee (id, first_name, last_name, role_id, manager_id) values (33, 'Mark', 'Nicholson',18,29);
INSERT INTO employee (id, first_name, last_name, role_id, manager_id) values (34, 'Gregory', 'Hester',19,32);
INSERT INTO employee (id, first_name, last_name, role_id, manager_id) values (35, 'David', 'Sosa',19,33);
INSERT INTO employee (id, first_name, last_name, role_id, manager_id) values (36, 'Sarah', 'Guerrero',20,NULL);
INSERT INTO employee (id, first_name, last_name, role_id, manager_id) values (37, 'Susan', 'Walton',21,36);
INSERT INTO employee (id, first_name, last_name, role_id, manager_id) values (38, 'Denise', 'Porter',22,36);
INSERT INTO employee (id, first_name, last_name, role_id, manager_id) values (39, 'Bonnie', 'Day',22,36);
INSERT INTO employee (id, first_name, last_name, role_id, manager_id) values (40, 'Joe', 'Blakenship',23,NULL);
INSERT INTO employee (id, first_name, last_name, role_id, manager_id) values (41, 'Richele', 'Huerta',24,40);
INSERT INTO employee (id, first_name, last_name, role_id, manager_id) values (42, 'Blaire', 'Robbins',25,40);
INSERT INTO employee (id, first_name, last_name, role_id, manager_id) values (43, 'Zachary', 'Knox',26,40);
INSERT INTO employee (id, first_name, last_name, role_id, manager_id) values (44, 'Eileen', 'Eaton',27,40);
INSERT INTO employee (id, first_name, last_name, role_id, manager_id) values (45, 'Katelyn', 'Hayes',28,41);
INSERT INTO employee (id, first_name, last_name, role_id, manager_id) values (46, 'Lindsay', 'Ali',28,42;
INSERT INTO employee (id, first_name, last_name, role_id, manager_id) values (47, 'Janet', 'Carpenter',28,43);
INSERT INTO employee (id, first_name, last_name, role_id, manager_id) values (48, 'Jordan', 'Frey',28,44);
INSERT INTO employee (id, first_name, last_name, role_id, manager_id) values (49, 'Jacob', 'Mccollough',29,NULL);
INSERT INTO employee (id, first_name, last_name, role_id, manager_id) values (50, 'Jack', 'Taylor',30,49);
INSERT INTO employee (id, first_name, last_name, role_id, manager_id) values (51, 'Edward', 'Cain',30,49);
INSERT INTO employee (id, first_name, last_name, role_id, manager_id) values (52, 'Kathy', 'Gonzales',30,49);
INSERT INTO employee (id, first_name, last_name, role_id, manager_id) values (53, 'Kingsley', 'Chaney',30,49);
INSERT INTO employee (id, first_name, last_name, role_id, manager_id) values (54, 'Roger', 'Dunlap',31,50);
INSERT INTO employee (id, first_name, last_name, role_id, manager_id) values (55, 'Jon', 'Lyons',31,51);
INSERT INTO employee (id, first_name, last_name, role_id, manager_id) values (56, 'Jessica', 'Hester',31,52);
INSERT INTO employee (id, first_name, last_name, role_id, manager_id) values (57, 'Maxine', 'Gentry',31,53);

